Profile Name,Title Name,Country,Utc Title Add Date
Arnab,The Dragon Prince,Hong Kong,2023-08-14
Arnab,Psycho-Pass,Hong Kong,2023-07-01
Arnab,Life in Colour with David Attenborough,Hong Kong,2023-06-13
Arnab,Our Universe,Hong Kong,2023-05-29
Arnab,All Quiet on the Western Front,Hong Kong,2023-03-23
Arnab,Attack on Titan,Hong Kong,2023-03-22
Arnab,Supergirl,Hong Kong,2023-01-23
Arnab,Seinfeld,Hong Kong,2022-08-07
Arnab,Dragons: Race to the Edge,Hong Kong,2022-08-07
Arnab,Avatar: The Last Airbender,Hong Kong,2022-08-07
Arnab,Close Enough,Qatar,2020-09-15
Subhrojeet,Demon Slayer: Kimetsu no Yaiba,India,2023-04-10
Subhrojeet,Money Heist,India,2021-08-07
Subhrojeet,Mossad 101,India,2020-07-14
Subhrojeet,Terrace House: Boys & Girls in the City,India,2020-05-06
Subhrojeet,Million Yen Women,India,2020-05-06
Subhrojeet,Money Heist,India,2020-04-03
Subhrojeet,Peaky Blinders,India,2020-03-31
Subhrojeet,Narcos: Mexico,India,2020-03-16
Subhrojeet,Breaking Bad,India,2020-03-16
Subhrojeet,Narcos,India,2020-03-16
Amit,Sacred Games,Qatar,2020-04-10
Amit,Sex Education,India,2020-03-22
Amit,Lady Bird,India,2020-03-22
Amit,Money Heist,India,2020-03-16
Amit,Narcos: Mexico,India,2020-03-16
Amit,Little Things,India,2020-03-16
Andy,Laapataa Ladies,India,2024-05-07
Andy,Amar Singh Chamkila,India,2024-05-07
Andy,The White Tiger,India,2024-05-07
Andy,Article 370,India,2024-05-07
Andy,Cherry Magic! Thirty Years of Virginity Can Make You a Wizard?!,India,2024-05-07
Andy,Dexter,India,2024-04-07
Andy,Don't Look Up,India,2024-02-20
Andy,A Killer Paradox,India,2024-02-15
Andy,Anne with an E,India,2024-01-23
Andy,Good Grief,India,2024-01-05
Andy,Hi Nanna,India,2024-01-04
Andy,The Manny,India,2023-12-31
Andy,Nuovo Olimpo,India,2023-11-30
Andy,Call Me by Your Name,India,2023-11-27
Andy,Smiley,India,2023-11-10
Andy,Cobalt Blue,India,2023-11-10
Andy,Eternal Summer,India,2023-11-09
Andy,Dear Ex,India,2023-11-09
Andy,Single All The Way,India,2023-11-06
Andy,Sex Education,India,2023-11-01
Andy,Man in Love,India,2023-10-31
Andy,Crashing,India,2023-10-26
Andy,My Mister,India,2023-10-05
Andy,Love Again,India,2023-09-22
Andy,"Monica, O My Darling",India,2023-09-19
Andy,Unlocked,India,2023-08-12
Andy,Our Blues,India,2023-08-01
Andy,Hidden Love,India,2023-07-09
Andy,The Perfect Find,India,2023-06-28
Andy,Make Me Believe,India,2023-06-24
Andy,In Good Hands,India,2023-06-24
Andy,Instant Family,India,2023-06-21
Andy,Taxi Driver,India,2023-06-07
Andy,The Good Bad Mother,India,2023-05-22
Andy,Backstreet Rookie,India,2023-05-22
Andy,"XO, Kitty",India,2023-05-18
Andy,My Liberation Notes,India,2023-05-09
Andy,Lawless Lawyer,India,2023-05-04
Andy,20th Century Girl,India,2023-05-03
Andy,D.P.,India,2023-04-22
Andy,Faraaz,India,2023-04-03
Andy,Silver Linings Playbook,India,2023-03-16
Andy,The Edge of Seventeen,India,2023-03-16
Andy,MH370: The Plane That Disappeared,India,2023-03-13
Andy,Goodbye,India,2023-01-04
Andy,Our Beloved Summer,India,2022-12-22
Andy,1899,India,2022-12-20
Andy,The Watcher,India,2022-12-20
Andy,I Am Not Okay With This,India,2022-12-19
Andy,Business Proposal,India,2022-10-30
Andy,Forecasting Love and Weather,India,2022-10-30
Andy,Little Women,India,2022-09-09
Andy,My First First Love,India,2022-08-05
Andy,Run,India,2022-08-03
Andy,A Beautiful Mind,India,2022-08-02
Andy,Twenty Five Twenty One,India,2022-02-19
Andy,The Christmas Chronicles,India,2021-12-27
Andy,Work It,India,2021-12-27
Andy,Be Melodramatic,India,2021-12-24
Andy,Search WWW,India,2021-12-24
Andy,Hometown Cha-Cha-Cha,India,2021-10-30
Andy,My Name,India,2021-10-28
Andy,The Ingenuity of the Househusband,India,2021-08-31
Andy,"Nevertheless,",India,2021-07-09
Andy,Fatherhood,India,2021-06-18
Andy,Sacred Games,India,2021-06-15
Andy,The Terminal,India,2021-06-12
Andy,Mad for Each Other,India,2021-06-10
Andy,The Founder,India,2021-06-02
Andy,The Intern,India,2021-06-02
Andy,Close Enough,India,2021-05-28
Andy,Zindagi Gulzar Hai,India,2021-05-25
Andy,Lucifer,India,2021-05-23
Andy,Falling Inn Love,India,2021-05-18
Andy,Doctors,India,2021-05-02
Andy,Navillera,India,2021-05-01
Andy,Demon Slayer: Kimetsu no Yaiba,India,2021-05-01
Andy,Axone,India,2021-04-12
Andy,After We Collided,India,2021-03-29
Andy,Explained,India,2021-03-22
Andy,Zindagi in Short,India,2021-02-27
Andy,The Rewrite,India,2021-02-22
Andy,Sotus The Series,India,2021-02-16
Andy,Still 2gether,India,2021-02-16
Andy,Loev,India,2021-02-15
Andy,Your Name Engraved Herein,India,2021-02-15
Andy,2gether The Series,India,2021-02-15
Andy,The Perfect Date,India,2021-02-14
Andy,To All The Boys: Always And Forever,India,2021-02-13
Andy,Squared Love,India,2021-02-11
Andy,Dr. Seuss' The Grinch,India,2021-01-28
Andy,More than Friends,India,2021-01-28
Andy,We Bare Bears,India,2021-01-28
Andy,Love Wedding Repeat,Qatar,2021-01-22
Andy,Set It Up,Qatar,2021-01-22
Andy,The Queen's Gambit,United Kingdom,2021-01-10
Andy,Pieces of a Woman,Qatar,2021-01-07
Andy,Just Go With It,Qatar,2021-01-04
Andy,The Fundamentals of Caring,Qatar,2021-01-04
Andy,28 Days,Qatar,2021-01-04
Andy,Love Actually,Qatar,2021-01-04
Andy,Pokémon The Series: Indigo League,Qatar,2020-12-27
Andy,If Anything Happens I Love You,Qatar,2020-12-20
Andy,Vir Das: Outside In - The Lockdown Special,Qatar,2020-12-16
Andy,Between Maybes,Qatar,2020-12-14
Andy,Healer,Qatar,2020-12-13
Andy,Message in a Bottle,Qatar,2020-12-08
Andy,The Light in Your Eyes,Qatar,2020-12-04
Andy,Up in the Air,Qatar,2020-12-01
Andy,The Call,Qatar,2020-11-28
Andy,The Irishman,India,2020-11-26
Andy,Apollo 13,India,2020-11-26
Andy,12 Strong,India,2020-11-26
Andy,Ankhon Dekhi,India,2020-11-26
Andy,The Two Popes,India,2020-11-26
Andy,World War II in Colour,India,2020-11-26
Andy,Schindler's List,India,2020-11-26
Andy,JFK: The Making of a President,India,2020-11-26
Andy,Your lie in April,Qatar,2020-11-18
Andy,The Chase,Qatar,2020-11-15
Andy,Dr. Romantic,United Kingdom,2020-11-05
Andy,A Silent Voice,Qatar,2020-11-04
Andy,Spirited Away,Qatar,2020-11-04
Andy,Oh My Baby,Qatar,2020-11-03
Andy,Naomi and Ely's No Kiss List,Qatar,2020-10-19
Andy,Start-Up,Qatar,2020-10-17
Andy,Newness,Qatar,2020-10-14
Andy,Unsolved Mysteries,Qatar,2020-10-14
Andy,Hoops,Germany,2020-10-14
Andy,Bangkok Love Stories: Innocence,Qatar,2020-10-11
Andy,Alex Strangelove,Qatar,2020-10-11
Andy,Wonder,Qatar,2020-10-10
Andy,Erased,Qatar,2020-10-09
Andy,Ginny Weds Sunny,Qatar,2020-10-09
Andy,Abyss,Qatar,2020-10-08
Andy,Record of Youth,Qatar,2020-10-06
Andy,365 Days,United Kingdom,2020-10-04
Andy,Made in China,Qatar,2020-10-01
Andy,Contagion,Qatar,2020-09-24
Andy,Mr. Sunshine,Qatar,2020-09-23
Andy,Match Point,Qatar,2020-09-23
Andy,My Love from the Star,Qatar,2020-09-18
Andy,Dolly Kitty Aur Woh Chamakte Sitare,Qatar,2020-09-18
Andy,The Untamed,Qatar,2020-09-17
Andy,The End of the F***ing World,Qatar,2020-09-16
Andy,#cats_the_mewvie,Qatar,2020-09-11
Andy,The Social Dilemma,Qatar,2020-09-11
Andy,The World of the Married,Qatar,2020-09-09
Andy,The Big Bang Theory,Qatar,2020-08-31
Andy,Her,Qatar,2020-08-25
Andy,The Sound of Your Heart,Qatar,2020-08-25
Andy,Saving Private Ryan,Qatar,2020-08-25
Andy,Within,Qatar,2020-08-25
Andy,The Ritual,Qatar,2020-08-25
Andy,The Pursuit of Happyness,Qatar,2020-08-22
Andy,The Change-Up,Qatar,2020-08-22
Andy,The Willoughbys,Qatar,2020-08-21
Andy,All Together Now,Germany,2020-08-21
Andy,Gunjan Saxena: The Kargil Girl,India,2020-08-13
Andy,Udaan,India,2020-08-13
Andy,We Are Family,India,2020-08-11
Andy,Masaan,India,2020-08-11
Andy,Pihu,India,2020-08-09
Andy,The Kissing Booth,India,2020-07-29
Andy,Welcome to Waikiki,India,2020-07-25
Andy,Zindagi Gulzar Hai,India,2020-07-24
Andy,Zindagi Gulzar Hai,India,2020-07-20
Andy,Zindagi Gulzar Hai,India,2020-07-19
Andy,Psycho-Pass,India,2020-07-17
Andy,Zindagi Gulzar Hai,India,2020-07-17
Andy,"Hello, My Twenties!",India,2020-07-17
Andy,Pyaar Ka Punchnama 2,India,2020-07-17
Andy,Code Geass: Lelouch of the Rebellion,India,2020-07-17
Andy,STEINS;GATE,India,2020-07-17
Andy,Sleepless in Seattle,India,2020-07-15
Andy,What Are the Odds?,India,2020-07-13
Andy,Samantaral,India,2020-07-13
Andy,The Half Of It,India,2020-07-13
Andy,Cheese in the Trap,India,2020-07-11
Andy,No One Killed Jessica,India,2020-07-09
Andy,Lakeeran,India,2020-07-06
Andy,Virsa,India,2020-07-06
Andy,Jaane Tu... Ya Jaane Na,India,2020-07-06
Andy,Benji,India,2020-07-06
Andy,Tall Girl,India,2020-07-06
Andy,Katti Batti,India,2020-07-06
Andy,It's Okay to Not Be Okay,India,2020-07-06
Andy,Community,India,2020-07-03
Andy,Naam Shabana,India,2020-07-01
Andy,Shor In the City,India,2020-06-29
Andy,Next Enti?,India,2020-06-29
Andy,Miracle in Cell No. 7,India,2020-06-29
Andy,Chippa,India,2020-06-29
Andy,It's Okay to Not Be Okay,India,2020-06-25
Andy,Bulbbul,India,2020-06-25
Andy,Kai Po Che!,India,2020-06-22
Andy,Pink,India,2020-06-21
Andy,A Whisker Away,India,2020-06-20
Andy,Only Yesterday,India,2020-06-20
Andy,Karthik Calling Karthik,India,2020-06-20
Andy,Dev.D,India,2020-06-18
Andy,Life in a ... Metro,India,2020-06-18
Andy,Greatest Events of WWII in Colour,India,2020-06-17
Andy,Second 20s,India,2020-06-17
Andy,Secret Superstar,India,2020-06-15
Andy,Soorma,India,2020-06-15
Andy,What's Wrong with Secretary Kim,India,2020-06-13
Andy,Hymn of Death,India,2020-06-13
Andy,She was pretty,India,2020-06-12
Andy,"It's Okay, That's Love",India,2020-06-12
Andy,Weightlifting Fairy Kim Bok Joo,India,2020-06-12
Andy,Love Destiny,India,2020-06-09
Andy,37 Seconds,India,2020-06-08
Andy,She was pretty,India,2020-06-07
Andy,Because This Is My First Life,India,2020-06-07
Andy,Lucid Dream,India,2020-06-05
Andy,49 Days,India,2020-06-04
Andy,Wok of Love,India,2020-06-04
Andy,Orange Is the New Black,India,2020-06-01
Andy,Prison Playbook,India,2020-06-01
Andy,Love Happens,India,2020-05-31
Andy,The Incident,India,2020-05-30
Andy,26 Years,India,2020-05-30
Andy,I Hear Your Voice,India,2020-05-30
Andy,Forgotten,India,2020-05-30
Andy,Harold & Kumar Escape from Guantanamo Bay,India,2020-05-25
Andy,EuroTrip,India,2020-05-25
Andy,Hollywood,India,2020-05-23
Andy,Maacher Jhol,India,2020-05-19
Andy,Innocent,India,2020-05-19
Andy,Boys Over Flowers,India,2020-05-17
Andy,Dil Se,India,2020-05-16
Andy,Our Souls at Night,India,2020-05-16
Andy,All The Bright Places,India,2020-05-16
Andy,Midnight Diner: Tokyo Stories,India,2020-05-16
Andy,The Lucky One,India,2020-05-16
Andy,Eat Pray Love,India,2020-05-13
Andy,Luka Chuppi,India,2020-05-13
Andy,The Lunchbox,India,2020-05-13
Andy,Maacher Jhol,India,2020-05-05
Andy,Meghnadbodh Rohoshyo,India,2020-05-05
Andy,Shonar Pahar,India,2020-05-05
Andy,Love Per Square Foot,India,2020-05-05
Andy,Kia and Cosmos,India,2020-05-05
Andy,Patriot Act with Hasan Minhaj,India,2020-05-04
Andy,Paan Singh Tomar,India,2020-05-04
Andy,Qarib Qarib Singlle,India,2020-05-04
Andy,Stories by Rabindranath Tagore,India,2020-05-03
Andy,Stories by Rabindranath Tagore,India,2020-05-02
Andy,Gonul,India,2020-05-01
Andy,Sadece Sen,India,2020-05-01
Andy,Clair Obscur,India,2020-05-01
Andy,Veerey Ki Wedding,India,2020-04-29
Andy,Shimla Mirchi,India,2020-04-28
Andy,Crazy Rich Asians,India,2020-04-28
Andy,American Pie Presents: The Book of Love,India,2020-04-25
Andy,Hospital Playlist,India,2020-04-24
Andy,Seven,India,2020-04-23
Andy,The Da Vinci Code,India,2020-04-23
Andy,Cuddle Weather,India,2020-04-23
Andy,The King: Eternal Monarch,India,2020-04-19
Andy,Memories of the Alhambra,India,2020-04-17
Andy,Crash Landing on You,India,2020-04-16
Andy,Maska,India,2020-04-16
Andy,Reply 1988,India,2020-04-16
Andy,Perdida,India,2020-04-15
Andy,One Spring Night,India,2020-04-15
Andy,Itaewon Class,India,2020-04-15
Andy,Pup Academy,India,2020-04-09
Andy,Search WWW,India,2020-04-09
Andy,Pinocchio,India,2020-04-07
Andy,The Haunting of Hill House,India,2020-04-07
Andy,My ID is Gangnam Beauty,India,2020-04-07
Andy,Ocean's Twelve,India,2020-04-06
Andy,Dunkirk,India,2020-04-05
Andy,Forrest Gump,India,2020-04-05
Andy,Easy,India,2020-04-05
Andy,Peaky Blinders,India,2020-04-03
Andy,Chopsticks,India,2020-04-01
Andy,When the Camellia Blooms,India,2020-04-01
Andy,Tune in for Love,India,2020-04-01
Andy,W – Two Worlds Apart,India,2020-04-01
Andy,The Platform,India,2020-04-01
Andy,The Great Gatsby,India,2020-03-31
Andy,Her,India,2020-03-31
Andy,Eternal Sunshine of the Spotless Mind,India,2020-03-31
Andy,Don't Breathe,India,2020-03-31
Andy,The Circle,India,2020-03-31
Andy,"Crazy, Stupid, Love.",India,2020-03-31
Andy,Black Mirror,India,2020-03-31
Andy,Shutter Island,India,2020-03-31
Andy,Article 15,India,2020-03-31
Andy,Worlds Apart,India,2020-03-28
Andy,Maska,India,2020-03-28
Andy,Sex Education,India,2020-03-27
Andy,Margarita with a Straw,India,2020-03-25
Andy,W – Two Worlds Apart,India,2020-03-25
Andy,To All the Boys I’ve Loved Before,India,2020-03-25
Andy,Badla,India,2020-03-24
Andy,Little Things,India,2020-03-20
Andy,The Perks of Being a Wallflower,India,2020-03-20
Andy,Two Weeks Notice,India,2020-03-20
Andy,The Break-Up,India,2020-03-20
Andy,Life as We Know It,India,2020-03-20
Andy,Amar,India,2020-03-20
Andy,Made of Honor,India,2020-03-20
Andy,The Proposal,India,2020-03-20
Andy,The Ugly Truth,India,2020-03-20
Andy,Money Heist,India,2020-03-16
Andy,Little Things,India,2020-03-16
Andy,Narcos,India,2020-03-16
Guest,Friends,India,2021-09-29
Guest,Dark,India,2021-09-29
Guest,Haseen Dillruba,India,2021-09-29
Guest,Never Have I Ever,India,2021-09-29
Guest,Extraction,India,2021-09-29
Guest,Stranger Things,India,2021-09-29
