Esn,Country,Region Code,Device Description,Ip,Ts
NFCDCH-02-L2Z8RCXDGLGUK2RCL453XGXU010Y91,IN,RJ,Chrome - Windows,2405:201:5c09:f84c:782d:33a1:5073:33fe,2024-05-06 12:56:08
NFCDCH-02-L2Z8RCXDGLGUK2RCL453XGXU010Y91,IN,RJ,Chrome - Windows,2405:201:5c09:f84c:782d:33a1:5073:33fe,2024-05-06 15:53:14
NFCDCH-02-L2Z8RCXDGLGUK2RCL453XGXU010Y91,IN,RJ,Chrome - Windows,2405:201:5c09:f84c:782d:33a1:5073:33fe,2024-05-06 09:01:49
NFCDCH-02-L2Z8RCXDGLGUK2RCL453XGXU010Y91,IN,RJ,Chrome - Windows,2405:201:5c09:f84c:a0c5:c66c:b68b:c83b,2024-05-12 06:59:41
NFCDCH-02-L2Z8RCXDGLGUK2RCL453XGXU010Y91,IN,RJ,Chrome - Windows,2405:201:5c09:f84c:2d90:b45:184c:5a98,2024-05-03 09:53:13
NFCDCH-02-L2Z8RCXDGLGUK2RCL453XGXU010Y91,IN,RJ,Chrome - Windows,2405:201:5c09:f84c:2d90:b45:184c:5a98,2024-05-03 12:32:19
NFCDCH-02-L2Z8RCXDGLGUK2RCL453XGXU010Y91,IN,RJ,Chrome - Windows,2409:4052:8ecf:af7a:c564:92d4:fac:20a9,2024-05-10 07:59:21
NFCDCH-02-L2Z8RCXDGLGUK2RCL453XGXU010Y91,IN,RJ,Chrome - Windows,2405:201:5c09:f84c:34a2:7bf8:95c5:4495,2024-05-10 13:53:48
NFCDCH-02-L2Z8RCXDGLGUK2RCL453XGXU010Y91,IN,RJ,Chrome - Windows,2405:201:5c09:f84c:34a2:7bf8:95c5:4495,2024-05-10 12:13:46
NFCDCH-02-L2Z8RCXDGLGUK2RCL453XGXU010Y91,IN,RJ,Chrome - Windows,2405:201:5c09:f84c:9032:60b5:8f2b:b661,2024-05-04 04:53:32
NFCDCH-02-L2Z8RCXDGLGUK2RCL453XGXU010Y91,IN,RJ,Chrome - Windows,2405:201:5c09:f84c:9032:60b5:8f2b:b661,2024-05-04 06:15:50
NFCDCH-02-L2Z8RCXDGLGUK2RCL453XGXU010Y91,IN,RJ,Chrome - Windows,2405:201:5c09:f84c:9032:60b5:8f2b:b661,2024-05-04 03:03:31
NFCDCH-02-L2Z8RCXDGLGUK2RCL453XGXU010Y91,IN,RJ,Chrome - Windows,2405:201:5c09:f84c:a0c5:c66c:b68b:c83b,2024-05-11 09:38:28
NFCDCH-02-L2Z8RCXDGLGUK2RCL453XGXU010Y91,IN,RJ,Chrome - Windows,2405:201:5c09:f84c:a0c5:c66c:b68b:c83b,2024-05-11 11:01:21
NFCDCH-LX-L0Q7HY4C7E8EJTE1KLQFPVPCKDFE1F,IN,RJ,Chrome - Linux,2405:201:5c09:f026:6c90:6b2b:3676:ac0b,2024-04-02 05:56:53
NFCDCH-LX-KDLFQ1T4VYV3TVN5959AJ24856G99U,HK,,Chrome - Linux,2002:8a13:1968:1:0:0:0:1001,2023-08-02 02:09:44
NFCDCH-02-L2Z8RCXDGLGUK2RCL453XGXU010Y91,IN,RJ,Chrome - Windows,2405:201:5c09:f84c:da6:38:720b:6268,2024-05-05 09:39:41
NFCDCH-02-L2Z8RCXDGLGUK2RCL453XGXU010Y91,IN,RJ,Chrome - Windows,2405:201:5c09:f84c:da6:38:720b:6268,2024-05-05 14:18:43
NFCDCH-02-L2Z8RCXDGLGUK2RCL453XGXU010Y91,IN,RJ,Chrome - Windows,2405:201:5c09:f84c:da6:38:720b:6268,2024-05-05 11:59:04
NFCDCH-02-L2Z8RCXDGLGUK2RCL453XGXU010Y91,IN,RJ,Chrome - Windows,2405:201:5c09:f019:9cb5:1365:2b78:1098,2024-04-30 07:53:03
NFCDCH-02-KRF0WPHRYRNQT1JEXKLD30UME692U7,IN,KA,Chrome - Windows,14.99.190.2,2023-12-23 15:59:21
NFANDROID1-PRV-P-SAMSUSM-G781B-19970-888994401474689E320ED85369E1AC3A06EF9F45B9A5A342A87EA65DCE57DDBE,IN,RJ,DefaultWidevineAndroidPhone,2405:201:5c09:f026:2d72:314f:8ee2:108e,2024-03-13 18:50:03
NFCDCH-LX-KKN4X996H4NL12KUQVQHKK3LGLXUC5,HK,,Chrome - Linux,2002:8a13:1968:1:0:0:0:1000,2023-10-14 13:12:15
NFCDCH-02-L2Z8RCXDGLGUK2RCL453XGXU010Y91,IN,RJ,Chrome - Windows,2405:201:5c09:f84c:9d4b:217:ab59:22b5,2024-05-07 10:51:38
NFCDCH-02-L2Z8RCXDGLGUK2RCL453XGXU010Y91,IN,RJ,Chrome - Windows,2405:201:5c09:f84c:9d4b:217:ab59:22b5,2024-05-07 14:42:21
NFCDCH-02-L2Z8RCXDGLGUK2RCL453XGXU010Y91,IN,RJ,Chrome - Windows,2405:201:5c09:f84c:9d4b:217:ab59:22b5,2024-05-07 12:30:01
NFCDCH-02-L2Z8RCXDGLGUK2RCL453XGXU010Y91,IN,RJ,Chrome - Windows,2405:201:5c09:f84c:490a:d84e:d86a:130f,2024-05-08 09:02:53
NFCDCH-02-L2Z8RCXDGLGUK2RCL453XGXU010Y91,IN,RJ,Chrome - Windows,2405:201:5c09:f84c:490a:d84e:d86a:130f,2024-05-08 05:38:43
NFCDCH-02-L2Z8RCXDGLGUK2RCL453XGXU010Y91,IN,RJ,Chrome - Windows,2405:201:5c09:f84c:490a:d84e:d86a:130f,2024-05-08 12:43:35
NFCDCH-02-L2Z8RCXDGLGUK2RCL453XGXU010Y91,IN,RJ,Chrome - Windows,2405:201:5c09:f84c:490a:d84e:d86a:130f,2024-05-08 02:39:30
NFCDCH-02-L2Z8RCXDGLGUK2RCL453XGXU010Y91,IN,RJ,Chrome - Windows,2405:201:5c09:f84c:490a:d84e:d86a:130f,2024-05-08 01:27:56
NFCDCH-02-L2Z8RCXDGLGUK2RCL453XGXU010Y91,IN,RJ,Chrome - Windows,2405:201:5c09:f84c:490a:d84e:d86a:130f,2024-05-09 09:17:44
NFCDCH-02-L104A1T7ATM5C9YY05JDUL8N5WUD3R,IN,KA,Chrome - Windows,122.171.18.142,2024-04-05 14:57:14
NFCDCH-LX-KFF8T5FE31QQ7PEMH5CQ4H2N96328A,HK,,Chrome - Linux,2002:8a13:1968:1:0:0:0:1003,2023-08-24 09:30:19
NFCDCH-02-L2Z8RCXDGLGUK2RCL453XGXU010Y91,IN,RJ,Chrome - Windows,2405:201:5c09:f84c:9d81:ea76:f1d4:64de,2024-05-02 09:48:38
NFCDCH-02-L2Z8RCXDGLGUK2RCL453XGXU010Y91,IN,RJ,Chrome - Windows,2405:201:5c09:f84c:a89b:f69d:9b0c:e9a1,2024-05-01 09:09:09
NFCDCH-02-L2Z8RCXDGLGUK2RCL453XGXU010Y91,IN,RJ,Chrome - Windows,2405:201:5c09:f84c:a89b:f69d:9b0c:e9a1,2024-05-01 07:30:48
NFCDCH-02-L2Z8RCXDGLGUK2RCL453XGXU010Y91,IN,RJ,Chrome - Windows,2405:201:5c09:f019:d1fc:d31c:e174:23f7,2024-04-29 13:40:19
